City_ID,City,Lat,Lng,Max Temp,Humidity,Cloudiness,Wind Speed,Country,Current Description
0,Kloulklubed,7.0419,134.2556,81.9,79,84,6.87,PW,broken clouds
1,Rikitea,-23.1203,-134.9692,66.4,82,100,11.18,PF,light rain
2,Cabinda,-5.55,12.2,71.74,88,75,5.75,AO,broken clouds
3,Ponta Do Sol,32.6667,-17.1,76.01,71,35,7.2,PT,scattered clouds
4,Waingapu,-9.6567,120.2641,72.99,85,37,8.7,ID,scattered clouds
5,Jamestown,42.097,-79.2353,78.06,50,0,9.22,US,clear sky
6,Salina,38.8403,-97.6114,101.01,31,0,35.01,US,clear sky
7,Port Alfred,-33.5906,26.891,57.94,80,12,14.7,ZA,few clouds
8,Cape Town,-33.9258,18.4232,56.91,88,16,3.44,ZA,mist
9,Hobart,-42.8794,147.3294,44.26,97,100,3.44,AU,overcast clouds
10,Tiksi,71.6872,128.8694,49.98,82,100,4.09,RU,overcast clouds
11,Busselton,-33.65,115.3333,59.5,74,78,15.08,AU,broken clouds
12,Albany,42.6001,-73.9662,83.44,43,57,1.99,US,broken clouds
13,Srednekolymsk,67.45,153.6833,53.51,40,68,10.94,RU,broken clouds
14,Chokurdakh,70.6333,147.9167,52.65,57,81,5.66,RU,broken clouds
15,Taoudenni,22.6783,-3.9836,105.94,6,34,13.94,ML,scattered clouds
16,Tazovskiy,67.4667,78.7,49.12,73,9,6.89,RU,clear sky
17,Asau,46.4333,26.4,69.28,67,98,5.26,RO,overcast clouds
18,Ushuaia,-54.8,-68.3,35.26,69,0,0.0,AR,clear sky
19,Dikson,73.5069,80.5464,41.22,79,20,10.36,RU,few clouds
20,Nanortalik,60.1432,-45.2371,47.88,75,100,5.39,GL,overcast clouds
21,Atuona,-9.8,-139.0333,77.88,69,6,16.22,PF,clear sky
22,Mataura,-46.1927,168.8643,37.47,99,100,2.91,NZ,light rain
23,Hithadhoo,-0.6,73.0833,83.44,74,100,13.87,MV,overcast clouds
24,Tilichiki,60.4667,166.1,61.16,74,15,16.24,RU,few clouds
25,Tuktoyaktuk,69.4541,-133.0374,39.2,81,100,20.71,CA,overcast clouds
26,Korla,41.7597,86.1469,73.18,45,43,4.0,CN,scattered clouds
27,Touros,-5.1989,-35.4608,78.26,75,13,15.9,BR,few clouds
28,Yellowknife,62.456,-114.3525,68.56,49,75,8.05,CA,broken clouds
29,Tasiilaq,65.6145,-37.6368,41.4,70,100,5.79,GL,overcast clouds
30,Vaini,-21.2,-175.2,75.36,94,33,6.91,TO,scattered clouds
31,Saint George,37.1041,-113.5841,104.43,19,0,5.99,US,clear sky
32,Rawson,-43.3002,-65.1023,45.64,64,100,13.94,AR,overcast clouds
33,Northam,51.0333,-4.2167,62.62,73,1,9.91,GB,clear sky
34,Flagstaff,35.1981,-111.6513,91.06,76,75,4.61,US,thunderstorm
35,Punta Arenas,-53.15,-70.9167,37.42,93,75,3.44,CL,broken clouds
36,Geraldton,-28.7667,114.6,55.81,76,27,5.75,AU,scattered clouds
37,Quelimane,-17.8786,36.8883,69.75,83,0,4.61,MZ,clear sky
38,Bluff,-46.6,168.3333,37.8,87,100,14.5,NZ,light rain
39,Vila Franca Do Campo,37.7167,-25.4333,70.21,89,100,8.43,PT,overcast clouds
40,Ancud,-41.8697,-73.8203,44.22,73,44,7.85,CL,scattered clouds
41,Shyroke,47.6917,33.2571,67.5,55,0,1.14,UA,clear sky
42,Lompoc,34.6391,-120.4579,90.01,70,0,11.5,US,mist
43,Alta Floresta,-9.8756,-56.0861,94.82,26,0,5.75,BR,clear sky
44,Nome,64.5011,-165.4064,59.16,82,75,8.05,US,broken clouds
45,Bethel,41.3712,-73.414,85.89,58,81,7.74,US,broken clouds
46,New Norfolk,-42.7826,147.0587,43.92,90,85,2.21,AU,overcast clouds
47,Tabou,4.423,-7.3528,75.79,80,98,8.55,CI,overcast clouds
48,Iqaluit,63.7506,-68.5145,51.53,76,75,4.61,CA,light intensity shower rain
49,Khargone,21.8167,75.6,76.17,93,100,13.09,IN,overcast clouds
50,Ballyhaunis,53.7667,-8.7667,58.78,85,100,6.31,IE,overcast clouds
51,Hermanus,-34.4187,19.2345,48.79,82,13,3.11,ZA,few clouds
52,Isangel,-19.55,169.2667,78.91,78,75,4.61,VU,broken clouds
53,Warkworth,-36.4,174.6667,53.49,92,90,5.86,NZ,overcast clouds
54,Umm Kaddadah,13.6017,26.6876,85.87,48,81,14.92,SD,broken clouds
55,Kaitangata,-46.2817,169.8464,39.43,96,100,7.05,NZ,overcast clouds
56,Varhaug,58.6147,5.6457,54.95,70,95,24.61,NO,overcast clouds
57,Sa Kaeo,13.75,102.3333,74.26,95,81,5.03,TH,broken clouds
58,Mosquera,4.7059,-74.2302,69.89,40,40,6.91,CO,scattered clouds
59,Gold Coast,-28.0,153.4333,57.27,81,1,12.66,AU,clear sky
60,Kapaa,22.0752,-159.319,82.38,82,75,8.99,US,broken clouds
61,Nanakuli,21.3906,-158.1547,79.99,78,100,10.36,US,light rain
62,Mildura,-34.2,142.15,38.07,86,0,5.68,AU,clear sky
63,Avarua,-21.2078,-159.775,75.25,60,100,12.66,CK,overcast clouds
64,Poum,-20.2333,164.0167,71.29,55,9,18.81,NC,clear sky
65,Pocone,-16.2567,-56.6228,93.83,20,92,8.86,BR,overcast clouds
66,Los Llanos De Aridane,28.6585,-17.9182,69.55,85,0,16.11,ES,clear sky
67,Butaritari,3.0707,172.7902,81.81,80,50,17.54,KI,light rain
68,Thinadhoo,0.5333,72.9333,83.1,76,60,12.73,MV,broken clouds
69,Leningradskiy,69.3833,178.4167,36.25,74,7,11.54,RU,clear sky
70,Flinders,-34.5833,150.8552,46.18,78,0,4.0,AU,clear sky
71,Arraial Do Cabo,-22.9661,-42.0278,76.96,83,0,19.57,BR,clear sky
72,Jodhpur,26.2867,73.03,87.89,64,48,4.07,IN,scattered clouds
73,Chimoio,-19.1164,33.4833,60.66,72,20,0.94,MZ,few clouds
74,Quatre Cocos,-20.2078,57.7625,70.09,74,80,15.39,MU,light rain
75,Pevek,69.7008,170.3133,34.32,84,5,12.41,RU,clear sky
76,Arlit,18.7369,7.3853,97.11,10,9,7.74,NE,clear sky
77,Progreso,21.2833,-89.6667,91.17,50,100,11.81,MX,overcast clouds
78,Saint-Philippe,-21.3585,55.7679,66.22,81,79,9.48,RE,light rain
79,Khatanga,71.9667,102.5,43.03,89,100,2.73,RU,overcast clouds
80,Port Lincoln,-34.7333,135.8667,49.35,67,39,11.74,AU,scattered clouds
81,Esperance,-33.8667,121.9,58.23,83,2,20.38,AU,clear sky
82,Ribeira Grande,38.5167,-28.7,73.8,78,40,16.11,PT,scattered clouds
83,Bredasdorp,-34.5322,20.0403,51.64,84,22,3.71,ZA,few clouds
84,East London,-33.0153,27.9116,60.13,68,1,13.53,ZA,clear sky
85,Rio Grande,-32.035,-52.0986,57.31,97,100,14.99,BR,moderate rain
86,Nelson Bay,-32.7167,152.15,51.01,87,61,11.99,AU,broken clouds
87,Dunga Bunga,29.7493,73.2432,84.81,72,78,12.06,PK,broken clouds
88,Lakheri,25.6667,76.1667,90.39,60,98,3.67,IN,overcast clouds
89,Tairua,-37.0167,175.85,50.99,87,100,8.08,NZ,light rain
90,Carnarvon,-24.8667,113.6333,66.69,81,42,10.83,AU,scattered clouds
91,Kudahuvadhoo,2.6708,72.8944,83.03,74,20,12.41,MV,few clouds
92,College,64.8569,-147.8028,65.21,44,0,5.75,US,clear sky
93,Mezhevoy,55.1711,58.7814,65.28,90,100,3.69,RU,overcast clouds
94,Ventanas,-1.45,-79.4667,88.07,52,61,2.93,EC,broken clouds
95,Tres Arroyos,-38.3739,-60.2798,52.47,56,90,9.55,AR,overcast clouds
96,Airai,-8.9266,125.4092,53.35,87,10,3.53,TL,clear sky
97,Norfolk,42.1668,-71.2495,88.34,63,75,3.44,US,broken clouds
98,Zhigansk,66.7697,123.3711,53.15,89,100,14.74,RU,overcast clouds
99,Fairfield,41.2668,-73.3162,86.05,61,79,5.79,US,broken clouds
100,Baturyn,51.3457,32.8779,59.31,89,1,6.55,UA,clear sky
101,Syracuse,37.0881,15.2792,81.99,66,49,7.18,IT,scattered clouds
102,Lebu,-37.6167,-73.65,44.02,84,100,5.61,CL,light rain
103,Lavrentiya,65.5833,-171.0,48.94,73,100,8.95,RU,overcast clouds
104,Half Moon Bay,37.4636,-122.4286,87.04,68,75,19.57,US,mist
105,Kieta,-6.2167,155.6333,77.09,82,100,5.7,PG,overcast clouds
106,Rio Gallegos,-51.6226,-69.2181,33.85,86,40,5.75,AR,scattered clouds
107,Beringovskiy,63.05,179.3167,46.67,98,100,10.47,RU,light rain
108,Port Macquarie,-31.4333,152.9167,49.89,78,89,11.77,AU,overcast clouds
109,Saskylakh,71.9167,114.0833,41.43,85,100,7.0,RU,overcast clouds
110,Cayenne,4.9333,-52.3333,82.09,1,0,2.3,GF,clear sky
111,Gorokhovets,56.1947,42.7003,60.01,98,100,9.31,RU,overcast clouds
112,Kourou,5.1552,-52.6478,82.11,83,63,8.39,GF,light rain
113,Puerto Ayora,-0.7393,-90.3518,76.96,89,68,8.99,EC,broken clouds
114,Grindavik,63.8424,-22.4338,52.27,71,75,6.91,IS,broken clouds
115,Cockburn Town,21.4612,-71.1419,85.96,62,40,13.8,TC,scattered clouds
116,Pangnirtung,66.1451,-65.7125,50.0,81,20,13.8,CA,few clouds
117,Poya,-21.35,165.15,64.71,67,13,7.52,NC,few clouds
118,Pakxan,18.3778,103.6601,76.21,95,99,1.95,LA,overcast clouds
119,Caningay,9.8297,122.6442,75.15,87,53,0.94,PH,moderate rain
120,Tabatinga,-4.2525,-69.9381,86.09,62,40,5.75,BR,scattered clouds
121,Alice Town,25.7167,-79.3,85.05,66,4,11.23,BS,clear sky
122,Hasaki,35.7333,140.8333,73.8,92,100,8.12,JP,light rain
123,Georgetown,5.4112,100.3354,80.53,92,20,0.0,MY,few clouds
124,Souillac,-20.5167,57.5167,70.18,73,75,11.5,MU,broken clouds
125,Qaanaaq,77.484,-69.3632,45.32,82,26,8.21,GL,scattered clouds
126,Port Elizabeth,-33.918,25.5701,57.49,78,0,13.8,ZA,clear sky
127,Catamarca,-28.4696,-65.7852,69.78,25,0,4.0,AR,clear sky
128,Ayagoz,47.9714,80.4392,59.07,54,0,3.04,KZ,clear sky
129,Shizunai,42.3339,142.3669,64.42,89,100,14.92,JP,overcast clouds
130,Escarcega,18.6089,-90.7454,97.84,29,94,9.73,MX,overcast clouds
131,Kangaatsiaq,68.3065,-53.4641,39.63,93,8,16.33,GL,clear sky
132,Vao,-22.6667,167.4833,71.64,54,57,25.12,NC,broken clouds
133,Manoel Urbano,-8.8389,-69.2597,84.92,62,100,2.42,BR,overcast clouds
134,Ilulissat,69.2167,-51.1,46.99,51,8,7.58,GL,clear sky
135,Kapiri Mposhi,-13.9652,28.6809,59.63,61,73,6.8,ZM,broken clouds
136,Mar Del Plata,-38.0023,-57.5575,54.09,95,100,13.0,AR,drizzle
137,Kenai,60.5544,-151.2583,60.03,90,100,3.44,US,overcast clouds
138,Zharkent,44.1628,80.0,70.32,40,0,5.01,KZ,clear sky
139,Cidreira,-30.1811,-50.2056,60.15,97,100,13.22,BR,heavy intensity rain
140,Sao Felix Do Xingu,-6.6447,-51.995,92.77,32,27,5.39,BR,scattered clouds
141,Kashi,39.4547,75.9797,70.81,46,98,8.95,CN,overcast clouds
142,Seoul,37.5683,126.9778,73.0,94,75,3.44,KR,broken clouds
143,Shenjiamen,29.9576,122.298,77.47,93,100,11.83,CN,overcast clouds
144,Avera,33.194,-82.5271,86.05,77,100,5.19,US,overcast clouds
145,Sept-Iles,50.2001,-66.3821,71.6,53,75,9.22,CA,broken clouds
146,Clearlake,38.9582,-122.6264,95.34,26,0,5.5,US,clear sky
147,Camacha,33.0833,-16.3333,69.22,78,40,10.36,PT,scattered clouds
148,Akyab,20.15,92.9,80.98,86,84,12.97,MM,broken clouds
149,Kavieng,-2.5744,150.7967,81.25,79,100,16.62,PG,light rain
150,Aksha,50.2814,113.2867,56.57,93,0,1.57,RU,clear sky
151,Tamiahua,21.2667,-97.45,87.3,61,99,15.75,MX,overcast clouds
152,Nhulunbuy,-12.2333,136.7667,70.41,73,40,8.05,AU,scattered clouds
153,Kutum,14.2,24.6667,76.39,60,95,4.99,SD,light rain
154,Namibe,-15.1961,12.1522,65.39,86,81,2.19,AO,broken clouds
155,Ahipara,-35.1667,173.1667,55.17,85,100,7.52,NZ,overcast clouds
156,Hilo,19.7297,-155.09,84.27,75,13,3.0,US,few clouds
157,South Lake Tahoe,38.9332,-119.9844,88.79,15,1,5.99,US,clear sky
158,Provideniya,64.3833,-173.3,53.64,57,100,6.35,RU,overcast clouds
159,Te Anau,-45.4167,167.7167,34.09,94,89,0.72,NZ,light snow
160,Buta,2.7858,24.73,69.98,98,100,1.99,CD,light rain
161,Cuamba,-14.8031,36.5372,68.16,57,74,6.11,MZ,broken clouds
162,Lovozero,68.005,35.0117,57.83,92,40,7.56,RU,scattered clouds
163,Jalu,29.0331,21.5482,81.3,38,0,17.98,LY,clear sky
164,Arroyo,41.6096,-4.7969,96.15,14,0,10.36,ES,clear sky
165,Nikolskoye,59.7035,30.7861,59.81,96,98,4.12,RU,overcast clouds
166,Douentza,14.9951,-2.9517,89.56,38,74,0.98,ML,broken clouds
167,Klaksvik,62.2266,-6.589,50.92,78,83,13.0,FO,broken clouds
168,Marquette,46.5333,-87.6335,73.78,51,0,4.92,US,clear sky
169,Guerrero Negro,27.9769,-114.0611,75.56,56,3,15.88,MX,clear sky
170,Laguna,38.421,-121.4238,96.64,39,0,5.75,US,clear sky
171,Lazaro Cardenas,17.9583,-102.2,88.59,58,96,8.52,MX,overcast clouds
172,Richards Bay,-28.783,32.0377,64.44,70,6,6.96,ZA,clear sky
173,Shitanjing,39.2342,106.3439,69.78,83,44,5.46,CN,scattered clouds
174,Constitucion,-35.3333,-72.4167,47.34,89,100,8.61,CL,moderate rain
175,Bengkulu,-3.8004,102.2655,76.77,89,100,4.29,ID,moderate rain
176,Revelstoke,50.9832,-118.2023,69.82,52,0,10.36,CA,clear sky
177,Yokadouma,3.5167,15.05,72.84,86,89,1.21,CM,light rain
178,Oppdal,62.5943,9.6912,42.39,78,48,10.63,NO,scattered clouds
179,Mahebourg,-20.4081,57.7,70.25,73,75,11.5,MU,broken clouds
180,Gresham,45.4982,-122.4315,78.58,54,0,3.0,US,clear sky
181,Victoria,22.2855,114.1577,85.32,82,89,5.01,HK,overcast clouds
182,Lorengau,-2.0226,147.2712,80.01,79,100,3.53,PG,overcast clouds
183,Laela,-8.5667,32.05,58.89,43,0,3.13,TZ,clear sky
184,Awbari,26.5921,12.7805,85.21,21,0,10.92,LY,clear sky
185,Barrow,71.2906,-156.7887,37.0,71,7,7.49,US,clear sky
186,Aklavik,68.2191,-135.0107,42.8,81,100,11.5,CA,shower rain
187,Gat,31.61,34.7642,77.81,100,0,3.78,IL,clear sky
188,Labuhan,-6.8844,112.2051,76.68,90,52,7.38,ID,light rain
189,Trinidad,-14.8333,-64.9,89.58,55,75,18.41,BO,broken clouds
190,Mount Isa,-20.7333,139.5,46.17,49,11,4.61,AU,few clouds
191,Torbay,47.6666,-52.7314,63.37,77,40,10.36,CA,scattered clouds
192,Dwarka,22.2394,68.9678,82.04,85,100,5.99,IN,overcast clouds
193,Sitka,57.0531,-135.33,55.44,87,100,5.59,US,overcast clouds
194,Jak,47.1425,16.5815,78.15,50,42,7.78,HU,scattered clouds
195,Moose Factory,51.2585,-80.6094,78.8,36,20,8.05,CA,few clouds
196,Bambous Virieux,-20.3428,57.7575,70.21,73,75,11.5,MU,light rain
197,Billings,45.7833,-108.5007,95.67,33,0,1.99,US,clear sky
198,Alofi,-19.0595,-169.9187,76.89,73,6,11.5,NU,clear sky
199,Cabo San Lucas,22.8909,-109.9124,93.61,64,13,8.61,MX,few clouds
200,Novyy Urengoy,66.0833,76.6333,55.02,62,12,6.55,RU,few clouds
201,Ziarat,30.3823,67.7282,64.96,70,100,2.71,PK,light rain
202,Suyan,6.0603,125.3853,75.02,91,56,2.24,PH,broken clouds
203,Faya,18.3851,42.4509,69.91,51,99,3.58,SA,overcast clouds
204,Grande Prairie,55.1667,-118.8027,66.38,45,75,14.97,CA,broken clouds
205,Kuching,1.55,110.3333,75.42,100,20,2.3,MY,few clouds
206,Boddam,57.4667,-1.7833,57.58,78,81,7.49,GB,broken clouds
207,Belen,36.4891,36.2233,69.91,79,1,8.03,TR,clear sky
208,Fairbanks,64.8378,-147.7164,65.23,44,0,5.75,US,clear sky
209,Miranda,3.2499,-76.2281,82.53,66,56,1.95,CO,broken clouds
210,Viedma,-40.8135,-62.9967,49.57,77,100,17.05,AR,light rain
211,Bara,10.3744,10.7288,74.59,88,58,8.32,NG,moderate rain
212,Eureka,40.8021,-124.1637,76.68,78,67,4.0,US,broken clouds
213,Hamada,34.8833,132.0833,74.71,94,100,8.34,JP,overcast clouds
214,Omboue,-1.5746,9.2618,71.49,87,0,5.59,GA,clear sky
215,Thompson,55.7435,-97.8558,69.96,88,75,2.3,CA,broken clouds
216,Cururupu,-1.8283,-44.8683,79.86,82,36,6.53,BR,scattered clouds
217,Jeremie,18.65,-74.1167,82.69,74,100,6.38,HT,overcast clouds
218,Kamenka,51.3223,42.7678,59.32,86,18,11.88,RU,few clouds
219,Qui Nhon,13.7667,109.2333,79.07,87,100,5.23,VN,overcast clouds
220,San Patricio,28.017,-97.5169,99.32,37,35,15.55,US,scattered clouds
221,Pacifica,37.6138,-122.4869,84.99,77,75,6.91,US,mist
222,Port Pirie,-33.1833,138.0167,44.85,72,0,6.2,AU,clear sky
223,Lidkoping,58.5052,13.1577,59.02,81,68,7.23,SE,broken clouds
224,Hamilton,39.1834,-84.5333,87.75,46,30,5.01,US,scattered clouds
225,Prince Rupert,54.3161,-130.3201,57.29,86,100,17.27,CA,overcast clouds
226,Nova Olimpia,-14.7972,-57.2881,94.35,20,60,8.01,BR,broken clouds
227,Huntsville,34.7304,-86.5861,91.54,45,40,7.0,US,scattered clouds
228,Jiuquan,39.7432,98.5174,70.97,52,100,14.03,CN,overcast clouds
229,Wukari,7.85,9.7833,75.36,85,15,4.94,NG,few clouds
230,Guipavas,48.4352,-4.3972,64.56,68,0,12.66,FR,clear sky
231,Castro,-24.7911,-50.0119,67.78,63,43,6.13,BR,scattered clouds
232,Suzdal,56.4281,40.4414,57.81,95,100,5.95,RU,light rain
233,Nova Serrana,-19.8761,-44.9836,77.23,24,53,8.57,BR,broken clouds
234,Nabire,-3.3667,135.4833,76.12,92,100,3.29,ID,overcast clouds
235,Aasiaat,68.7098,-52.8699,38.26,89,35,12.37,GL,scattered clouds
236,Leshukonskoye,64.8989,45.7622,63.7,89,100,3.65,RU,overcast clouds
237,Manokwari,-0.8667,134.0833,77.27,82,86,3.22,ID,overcast clouds
238,Vardo,70.3705,31.1107,57.18,94,75,4.61,NO,moderate rain
239,Padang,-0.9492,100.3543,77.05,85,100,5.57,ID,overcast clouds
240,Hami,42.8,93.45,76.59,22,8,6.31,CN,clear sky
241,Solone,48.2081,34.8721,63.61,69,16,5.06,UA,few clouds
242,Whitehorse,60.7161,-135.0538,52.57,86,100,4.61,CA,overcast clouds
243,Salalah,17.0151,54.0924,77.9,93,97,5.79,OM,light rain
244,Cap Malheureux,-19.9842,57.6142,70.47,73,22,5.01,MU,few clouds
245,Kodiak,57.79,-152.4072,56.88,82,100,1.45,US,overcast clouds
246,Turukhansk,65.8167,87.9833,46.62,86,11,6.46,RU,few clouds
247,Dalbandin,28.8947,64.4101,88.45,36,50,7.76,PK,scattered clouds
248,Ulaangom,49.9811,92.0667,50.83,66,23,4.03,MN,few clouds
249,Moroto,2.5345,34.6666,69.93,55,100,3.22,UG,overcast clouds
250,Erdenet,49.0333,104.0833,48.38,90,72,2.64,MN,broken clouds
251,Cherskiy,68.75,161.3,45.19,58,100,1.88,RU,overcast clouds
252,Neiafu,-18.65,-173.9833,77.68,78,20,10.36,TO,few clouds
253,Batemans Bay,-35.7167,150.1833,40.17,79,0,5.66,AU,clear sky
254,Chuy,-33.6971,-53.4616,57.18,93,59,8.77,UY,broken clouds
255,Saint-Joseph,-21.3667,55.6167,65.21,80,88,8.72,RE,light rain
256,Kargasok,59.0556,80.8572,49.82,89,59,2.8,RU,broken clouds
257,Tezu,27.9167,96.1667,78.26,86,55,4.74,IN,broken clouds
258,Zhuhai,22.2769,113.5678,85.86,84,20,5.75,CN,few clouds
259,Kruisfontein,-34.0033,24.7314,52.65,88,29,6.6,ZA,scattered clouds
260,Benguela,-12.5763,13.4055,67.82,88,9,3.15,AO,clear sky
261,Tres Barras,-26.1064,-50.3222,64.22,87,100,1.3,BR,overcast clouds
262,Grand Gaube,-20.0064,57.6608,70.38,73,30,5.01,MU,scattered clouds
263,Itabira,-19.6192,-43.2269,71.85,49,17,5.7,BR,few clouds
264,San Cristobal,7.7669,-72.225,82.58,38,42,3.98,VE,scattered clouds
265,Kautokeino,69.0125,23.0412,57.96,97,100,17.05,NO,moderate rain
266,Puteaux,48.8834,2.2389,79.36,47,0,16.11,FR,clear sky
267,Komsomolskiy,40.4272,71.7189,77.72,38,0,6.91,UZ,clear sky
268,Pittsburg,38.028,-121.8847,93.47,39,0,5.99,US,clear sky
269,Sarakhs,36.5449,61.1577,84.9,16,0,10.89,IR,clear sky
270,Fort Saint James,54.4333,-124.25,62.01,58,100,8.01,CA,overcast clouds
271,Myitkyina,25.3833,97.4,78.08,95,12,1.41,MM,few clouds
272,Santa Lucia,27.9117,-15.5407,66.76,68,20,31.07,ES,few clouds
273,Lagoa,39.05,-27.9833,69.84,90,35,15.12,PT,scattered clouds
274,Acapulco,16.8634,-99.8901,86.38,67,96,7.56,MX,overcast clouds
275,Makakilo City,21.3469,-158.0858,78.57,81,100,10.36,US,light rain
276,Faanui,-16.4833,-151.75,77.27,68,100,25.99,PF,overcast clouds
277,Filadelfia,39.9523,-75.1638,92.17,45,4,4.0,US,clear sky
278,Kasongo-Lunda,-6.4667,16.8167,72.79,30,2,1.48,CD,clear sky
279,Vanimo,-2.6741,141.3028,76.26,90,100,2.21,PG,light rain
280,Strangnas,59.3774,17.0312,57.29,64,100,9.44,SE,overcast clouds
281,Hohhot,40.8106,111.6522,64.69,59,0,4.47,CN,clear sky
282,Belaya Gora,68.5333,146.4167,57.58,64,9,3.53,RU,clear sky
283,Portland,45.5234,-122.6762,79.7,53,0,5.99,US,clear sky
284,Xingcheng,40.6167,120.7167,71.83,70,1,6.42,CN,clear sky
285,Jacksonville,30.3322,-81.6556,94.98,57,75,6.91,US,broken clouds
286,Muros,42.7762,-9.0603,81.09,61,100,1.45,ES,overcast clouds
287,Pinawa,50.1489,-95.8811,69.39,81,100,5.26,CA,overcast clouds
288,Kibaya,-5.3,36.5667,57.18,83,29,6.64,TZ,scattered clouds
289,Porto Novo,6.4965,2.6036,75.87,87,99,8.12,BJ,overcast clouds
290,Salinopolis,-0.6136,-47.3561,80.73,82,94,12.15,BR,overcast clouds
291,Katsuura,35.1333,140.3,75.22,93,100,6.26,JP,light rain
292,Kuzino,57.0224,59.4412,62.83,93,100,0.6,RU,overcast clouds
293,Asfi,32.2994,-9.2372,70.65,86,10,12.8,MA,clear sky
294,Pedasi,7.5333,-80.0333,84.07,74,100,2.37,PA,overcast clouds
295,El Molino,10.6523,-72.924,95.36,35,59,8.39,CO,broken clouds
296,Rushden,52.2914,-0.5992,66.79,46,63,1.99,GB,broken clouds
297,Vila Velha,-20.3297,-40.2925,71.55,92,75,5.75,BR,broken clouds
298,Luderitz,-26.6481,15.1594,64.9,41,0,10.07,NA,clear sky
299,Mouila,-1.8685,11.0559,78.82,61,47,5.17,GA,scattered clouds
300,Hovd,48.0056,91.6419,54.61,53,77,3.87,MN,light rain
301,Lesozavodsk,45.4794,133.4244,63.55,95,100,7.65,RU,overcast clouds
302,Upernavik,72.7868,-56.1549,40.03,87,16,14.12,GL,few clouds
303,Shetpe,44.1667,52.1167,87.26,29,75,4.45,KZ,broken clouds
304,Kaeo,-35.1,173.7833,52.32,96,100,4.92,NZ,overcast clouds
305,Muzhi,65.3667,64.6667,64.13,84,45,4.99,RU,scattered clouds
306,Cravo Norte,6.3017,-70.2041,86.11,62,96,7.38,CO,overcast clouds
307,Peniche,39.3558,-9.3811,77.07,86,78,9.6,PT,broken clouds
308,Renqiu,38.6989,116.0936,78.94,66,26,2.19,CN,scattered clouds
309,Jawhar,2.7809,45.5005,75.72,81,13,15.3,SO,few clouds
310,Dunedin,-45.8742,170.5036,43.81,79,100,11.01,NZ,overcast clouds
311,Sao Joao Da Barra,-21.6403,-41.0511,72.61,82,3,12.19,BR,clear sky
312,Ust-Barguzin,53.45,108.9833,52.86,100,100,2.55,RU,overcast clouds
313,Talnakh,69.4865,88.3972,52.95,72,100,2.35,RU,overcast clouds
314,Teya,60.3778,92.6267,48.49,82,100,2.3,RU,overcast clouds
315,Olafsvik,64.8945,-23.7142,50.7,73,76,1.86,IS,broken clouds
316,Moyobamba,-6.05,-76.9667,83.95,48,8,3.18,PE,clear sky
317,Goure,13.9835,10.2704,90.01,28,43,9.17,NE,scattered clouds
318,Norman Wells,65.282,-126.8329,47.46,79,100,11.16,CA,overcast clouds
319,Ranir Bazar,23.8333,91.3667,79.54,91,100,6.35,IN,light rain
320,Uricani,45.3373,23.1524,63.07,57,32,2.77,RO,scattered clouds
321,Sorong,-0.8833,131.25,77.22,90,100,9.26,ID,overcast clouds
322,Luanda,-8.8368,13.2343,69.8,88,20,6.91,AO,few clouds
323,Dingle,10.9995,122.6711,75.47,92,71,1.19,PH,light rain
324,Klichka,50.4457,117.996,59.43,98,100,4.16,RU,overcast clouds
325,Clyde River,70.4692,-68.5914,51.06,57,26,2.8,CA,scattered clouds
326,Usinsk,65.9939,57.5281,71.91,57,77,8.43,RU,broken clouds
327,Comodoro Rivadavia,-45.8667,-67.5,39.24,74,100,10.38,AR,overcast clouds
328,Tuatapere,-46.1333,167.6833,40.78,95,100,3.29,NZ,overcast clouds
329,Jilib,0.4883,42.7854,73.87,90,52,8.63,SO,light rain
330,Moncton,46.1159,-64.8019,70.32,82,100,8.05,CA,shower rain
331,Codrington,-38.2667,141.9667,43.12,98,41,9.19,AU,scattered clouds
332,Babu,24.4167,111.5167,78.94,84,44,1.79,CN,scattered clouds
333,Hutchinson,38.0608,-97.9298,103.51,26,0,17.27,US,clear sky
334,Lata,40.1629,-8.3327,82.08,45,95,2.42,PT,overcast clouds
335,Bermejo,-32.8833,-68.8,53.31,35,100,9.13,AR,overcast clouds
336,Okhotsk,59.3833,143.3,59.97,94,80,2.86,RU,broken clouds
337,Lerwick,60.1545,-1.1494,51.8,88,77,13.29,GB,light rain
338,Olga,43.7444,135.2892,61.84,99,100,15.12,RU,overcast clouds
339,Chingirlau,51.095,54.0814,79.9,43,100,10.25,KZ,overcast clouds
340,Mount Gambier,-37.8333,140.7667,43.75,99,62,6.08,AU,broken clouds
341,Hualmay,-11.0964,-77.6139,65.57,70,50,13.94,PE,scattered clouds
342,Baykit,61.67,96.37,50.72,90,100,1.16,RU,overcast clouds
343,Buzmeyin,38.0507,58.2056,89.35,17,0,3.36,TM,clear sky
344,Coihaique,-45.5752,-72.0662,34.52,91,97,3.78,CL,overcast clouds
345,Praia,14.9215,-23.5087,76.14,72,20,12.37,CV,few clouds
346,Homer,59.6425,-151.5483,56.77,93,100,5.99,US,overcast clouds
347,Sarangani,5.4033,125.4636,81.5,76,68,5.1,PH,broken clouds
348,Niquelandia,-14.4739,-48.4597,86.76,24,100,3.11,BR,overcast clouds
349,Sibolga,1.7427,98.7792,77.7,91,100,2.08,ID,overcast clouds
350,Barreiras,-12.1528,-44.99,90.03,24,10,5.39,BR,clear sky
351,Harper,4.375,-7.7169,75.56,80,94,9.06,LR,overcast clouds
352,Haines Junction,60.7522,-137.5108,64.36,47,97,3.18,CA,overcast clouds
353,Lakatoro,-16.0999,167.4164,77.45,82,18,4.76,VU,few clouds
354,Cedar City,37.6775,-113.0619,89.4,34,75,11.5,US,broken clouds
355,Hauterive,46.0901,3.4459,84.96,51,1,3.11,FR,clear sky
356,Noumea,-22.2763,166.4572,71.01,99,26,15.37,NC,scattered clouds
357,Tomatlan,19.9333,-105.25,91.38,57,30,10.74,MX,scattered clouds
358,Sandorfalva,46.3609,20.0989,81.14,29,86,8.66,HU,overcast clouds
359,Deolali,19.95,73.8333,73.58,94,100,16.8,IN,moderate rain
360,Promyshlennaya,54.9159,85.6385,58.15,62,100,4.63,RU,overcast clouds
361,Aiquile,-18.2041,-65.1807,74.43,30,62,10.42,BO,broken clouds
362,Meulaboh,4.1363,96.1285,76.08,89,71,5.64,ID,broken clouds
363,Georgiyevka,43.0369,74.7114,71.64,24,0,13.42,KZ,clear sky
364,Bobrovka,54.047,61.7455,67.41,87,100,5.97,RU,overcast clouds
365,Santa Marta,11.2408,-74.199,91.45,58,20,11.5,CO,few clouds
366,Caucaia,-3.7361,-38.6531,80.55,74,75,12.66,BR,broken clouds
367,Kikwit,-5.041,18.8162,78.64,29,16,2.08,CD,few clouds
368,Kazuno,40.1836,140.7872,65.57,98,100,5.17,JP,overcast clouds
369,Pemba,-12.974,40.5178,76.14,75,79,17.45,MZ,broken clouds
370,Kidal,18.4411,1.4078,96.4,29,6,7.07,ML,clear sky
371,Yeppoon,-23.1333,150.7333,44.38,70,0,5.08,AU,clear sky
372,Narsaq,60.9167,-46.05,61.02,61,100,4.79,GL,overcast clouds
373,Mirnyy,62.5353,113.9611,60.24,67,49,7.0,RU,scattered clouds
374,Saldanha,-33.0117,17.9442,55.96,86,0,10.56,ZA,clear sky
375,Longyearbyen,78.2186,15.6401,57.04,67,40,16.11,SJ,scattered clouds
376,Manaus,-3.1019,-60.025,86.49,70,40,4.61,BR,light rain
377,Waddan,29.1614,16.139,79.74,38,0,20.27,LY,clear sky
378,Leh,34.1667,77.5833,58.66,67,98,6.4,IN,overcast clouds
379,Severo-Kurilsk,50.6789,156.125,53.67,96,84,9.71,RU,broken clouds
380,San Blas,21.5167,-105.2667,98.49,73,65,8.03,MX,broken clouds
381,Praia Da Vitoria,38.7333,-27.0667,75.76,75,59,16.75,PT,broken clouds
382,Stephenville,32.2207,-98.2023,102.15,20,85,4.29,US,overcast clouds
383,Flin Flon,54.7682,-101.865,79.95,24,1,12.64,CA,clear sky
384,Chumikan,54.7183,135.315,53.31,100,100,4.52,RU,overcast clouds
385,Tahta,26.7693,31.5021,86.76,21,0,13.49,EG,clear sky
386,Berdigestyakh,62.0989,126.6992,61.43,98,6,3.2,RU,clear sky
387,Esfahan,32.6572,51.6776,78.44,15,1,7.49,IR,clear sky
388,Valdivia,-39.8142,-73.2459,42.89,80,100,3.71,CL,overcast clouds
389,Kwinana,-32.25,115.7667,60.93,75,56,5.01,AU,light rain
390,Henties Bay,-22.116,14.2845,58.93,71,0,6.26,NA,clear sky
391,Vestmannaeyjar,63.4427,-20.2734,51.22,74,19,9.17,IS,few clouds
392,Mackenzie,55.2999,-123.1698,64.04,52,100,10.16,CA,overcast clouds
393,Tulle,45.3333,1.8333,72.43,43,11,3.67,FR,few clouds
394,Kuusamo,65.9667,29.1833,62.64,82,20,8.05,FI,few clouds
395,Goba,7.0167,39.9833,50.95,90,99,4.76,ET,overcast clouds
396,Mnogovershinnyy,53.9353,139.9242,59.5,90,83,1.95,RU,broken clouds
397,Cap-Aux-Meules,47.3821,-61.8597,61.39,69,8,6.6,CA,clear sky
398,Fortuna,40.5982,-124.1573,61.86,85,75,1.99,US,broken clouds
399,Naze,28.3667,129.4833,79.11,91,92,8.59,JP,overcast clouds
400,Egvekinot,66.3167,-179.1667,46.29,61,100,5.17,RU,overcast clouds
401,Saint-Pierre,-21.3393,55.4781,67.91,80,0,5.75,RE,clear sky
402,Erzincan,39.75,39.5,65.5,52,0,16.11,TR,clear sky
403,Morant Bay,17.8815,-76.4093,88.72,69,87,10.36,JM,overcast clouds
404,Umkomaas,-30.2067,30.7978,63.68,63,11,7.47,ZA,few clouds
405,Manbij,36.5281,37.9549,83.41,30,0,13.73,SY,clear sky
406,Kabanjahe,3.1001,98.4908,62.85,97,100,2.53,ID,overcast clouds
407,Anadyr,64.75,177.4833,55.0,87,95,1.99,RU,overcast clouds
408,De Aar,-30.6497,24.0123,49.73,56,0,5.41,ZA,clear sky
409,Paamiut,61.994,-49.6678,42.89,93,100,3.42,GL,light rain
410,Oranjemund,-28.55,16.4333,56.71,79,0,9.93,NA,clear sky
411,Yumen,40.2833,97.2,63.9,76,100,13.56,CN,overcast clouds
412,Jacareacanga,-6.2222,-57.7528,96.12,27,4,3.96,BR,clear sky
413,Ouargaye,11.5033,0.0572,88.12,48,89,11.65,BF,light rain
414,Havoysund,70.9963,24.6622,57.43,98,100,6.4,NO,moderate rain
415,Menongue,-14.6585,17.691,54.82,46,0,5.37,AO,clear sky
416,Gopalur,16.6167,77.8,74.21,83,100,15.32,IN,overcast clouds
417,Sindou,10.6667,-5.1667,79.03,73,79,4.23,BF,broken clouds
418,Xucheng,20.35,110.1288,80.71,88,66,10.11,CN,broken clouds
419,Alexandria,31.2156,29.9553,77.09,63,0,12.95,EG,clear sky
420,Khiri Mat,16.8333,99.8,77.56,85,100,1.99,TH,overcast clouds
421,Moberly,39.4184,-92.4382,94.42,40,0,8.01,US,clear sky
422,Shelburne,44.0787,-80.2041,75.24,31,35,8.95,CA,scattered clouds
423,Santo Antonio,-6.3106,-35.4789,75.7,80,3,11.27,BR,clear sky
424,Palembang,-2.9167,104.7458,74.59,98,43,3.29,ID,scattered clouds
425,San Felipe,10.3399,-68.7425,85.48,52,39,9.78,VE,scattered clouds
426,Maniakoi,40.5,21.25,63.68,45,0,4.29,GR,clear sky
427,Broome,42.2506,-75.833,79.61,56,100,9.22,US,overcast clouds
428,Haifa,32.8156,34.9892,78.17,79,0,7.18,IL,clear sky
429,Sur,22.5667,59.5289,90.12,60,91,5.77,OM,overcast clouds
430,Esso,55.9333,158.7,68.49,55,5,5.12,RU,clear sky
431,Pishva,35.308,51.7267,88.57,13,0,9.57,IR,clear sky
432,Humaita,-7.5061,-63.0208,96.66,30,9,2.19,BR,clear sky
433,Gimli,50.6336,-96.9907,66.7,91,100,8.43,CA,overcast clouds
434,Claresholm,50.0333,-113.5852,84.67,20,13,17.31,CA,few clouds
435,Namatanai,-3.6667,152.4333,78.67,82,93,7.09,PG,light rain
436,Ketchikan,55.3422,-131.6461,57.67,88,100,10.36,US,light rain
437,Taltal,-25.4,-70.4833,56.89,67,91,3.04,CL,overcast clouds
438,Angoche,-16.2325,39.9086,72.07,67,8,9.04,MZ,clear sky
439,Yar-Sale,66.8333,70.8333,57.27,66,100,7.92,RU,overcast clouds
440,Mehamn,71.0357,27.8492,55.35,94,40,6.91,NO,light rain
441,Aksarka,66.5606,67.7975,54.05,86,5,3.8,RU,clear sky
442,Navrongo,10.8956,-1.0921,83.28,60,70,7.31,GH,light rain
443,Krasnyy Yar,46.5331,48.3456,73.33,59,1,8.28,RU,clear sky
444,Giraltovce,49.114,21.5173,62.58,88,40,3.44,SK,scattered clouds
445,Agadez,19.75,10.25,92.16,13,0,6.93,NE,clear sky
446,Tingo Maria,-9.2895,-76.0088,87.1,46,7,2.95,PE,clear sky
447,Nyrob,60.733,56.7202,65.75,98,100,4.7,RU,overcast clouds
448,Alberton,46.8168,-64.0654,65.35,66,10,10.11,CA,clear sky
449,Parsabad,39.6482,47.9174,81.03,41,0,7.09,IR,clear sky
450,Ekhabi,53.5102,142.9671,54.16,92,98,13.4,RU,overcast clouds
451,Bud,39.447,-86.1758,86.41,48,1,6.62,US,clear sky
452,Digby,44.6169,-65.7655,66.87,78,98,0.96,CA,overcast clouds
453,Ratangarh,28.0833,74.6,86.99,64,57,16.6,IN,broken clouds
454,Lermontovka,47.1453,134.3383,62.8,95,92,3.71,RU,overcast clouds
455,Champerico,14.3,-91.9167,84.06,73,91,7.96,GT,overcast clouds
456,Nioro,13.35,-15.75,84.99,68,100,10.69,GM,overcast clouds
457,Mbandaka,0.0487,18.2603,74.25,78,39,2.8,CD,scattered clouds
458,Hofn,64.2539,-15.2082,48.09,88,63,6.04,IS,broken clouds
459,Santiago Del Estero,-27.7951,-64.2615,77.5,26,0,8.79,AR,clear sky
460,Grong,64.4654,12.3149,51.08,94,100,16.13,NO,overcast clouds
461,Ambon,-3.6954,128.1814,78.24,15,75,10.36,ID,light rain
462,Aykhal,66.0,111.5,51.73,75,100,5.41,RU,overcast clouds
463,Tiarei,-17.5333,-149.3333,80.62,69,38,23.85,PF,scattered clouds
464,Vangaindrano,-23.35,47.6,63.43,91,39,4.54,MG,scattered clouds
465,Sadon,42.8518,44.0037,59.09,94,51,1.86,RU,broken clouds
466,Victoria Point,-27.5833,153.3,50.92,88,1,1.01,AU,clear sky
467,Xining,36.6167,101.7667,63.12,87,100,3.04,CN,overcast clouds
468,Brawley,32.9787,-115.5303,104.61,27,0,6.91,US,clear sky
469,Moussoro,13.6408,16.4901,86.43,45,98,8.23,TD,overcast clouds
470,La Ronge,55.1001,-105.2842,74.48,30,11,12.59,CA,few clouds
471,Saint-Francois,46.4154,3.9054,80.04,50,0,2.3,FR,clear sky
472,Tokat,40.4167,36.5833,49.59,94,85,5.93,TR,overcast clouds
473,Yaan,7.3833,8.5667,73.62,91,21,4.92,NG,light rain
474,Karratha,-20.7377,116.8463,62.26,57,52,9.22,AU,light rain
475,Berlevag,70.8578,29.0864,58.8,100,75,14.97,NO,light rain
476,Rock Sound,24.9,-76.2,82.85,70,17,16.35,BS,few clouds
477,Koslan,63.4564,48.8989,62.96,94,93,4.36,RU,light rain
478,Kanbe,16.7053,96.0017,78.85,95,100,3.71,MM,overcast clouds
479,Zamora,-4.0692,-78.9567,77.47,78,45,3.38,EC,light rain
480,Ambulu,-8.345,113.6058,74.7,89,79,4.72,ID,broken clouds
481,Pamekasan,-7.1568,113.4746,77.79,85,35,9.71,ID,scattered clouds
482,Shu,43.5983,73.7614,74.95,21,0,11.77,KZ,clear sky
483,Kaduqli,11.0167,29.7167,73.2,90,100,2.66,SD,moderate rain
484,Fort Nelson,58.8053,-122.7002,73.36,31,59,3.74,CA,broken clouds
485,Svetlogorsk,52.6333,29.7333,56.01,87,0,6.67,BY,clear sky
486,Aksu,41.1231,80.2644,75.42,34,97,4.34,CN,overcast clouds
487,Jumla,29.2747,82.1838,62.53,91,100,1.88,NP,overcast clouds
488,Agirish,61.9247,63.0231,68.02,70,2,5.53,RU,clear sky
489,Dangriga,16.9692,-88.2321,81.82,83,100,15.03,BZ,overcast clouds
490,Orlik,52.5178,99.825,48.13,95,100,2.42,RU,overcast clouds
491,Kandrian,-6.2167,149.55,78.75,86,99,15.46,PG,moderate rain
492,Itupiranga,-5.1347,-49.3267,89.92,47,56,1.01,BR,broken clouds
493,Ballina,-28.8667,153.5667,47.79,85,93,11.43,AU,overcast clouds
494,Ugoofaaru,5.6667,73.0,82.83,78,83,16.53,MV,broken clouds
495,Raudeberg,61.9875,5.1352,52.47,70,12,2.68,NO,few clouds
496,Muroran,42.3172,140.9881,64.72,95,100,23.85,JP,overcast clouds
497,Ajdabiya,30.7554,20.2263,78.4,56,0,17.83,LY,clear sky
498,Port Moresby,-9.4431,147.1797,73.72,80,100,15.37,PG,overcast clouds
499,Nantucket,41.2835,-70.0995,80.74,83,100,9.22,US,mist
500,Sistranda,63.7256,8.834,51.76,73,64,24.54,NO,broken clouds
501,Corsicana,32.0954,-96.4689,98.94,34,97,5.97,US,overcast clouds
502,Tommot,58.9564,126.2925,63.12,92,100,1.48,RU,overcast clouds
503,Severo-Yeniseyskiy,60.3725,93.0408,46.08,74,97,2.19,RU,overcast clouds
504,Honiara,-9.4333,159.95,75.22,74,99,4.25,SB,overcast clouds
505,Coquimbo,-29.9533,-71.3436,53.33,100,100,13.8,CL,moderate rain
506,Oro Valley,32.3909,-110.9665,106.23,25,100,4.0,US,overcast clouds
507,Kismayo,-0.3582,42.5454,75.92,87,57,18.14,SO,light rain
508,Ous,60.9058,61.5186,70.02,69,64,2.48,RU,broken clouds
509,Otjimbingwe,-22.35,16.1333,66.34,22,0,5.23,NA,clear sky
510,Nizwa,22.9333,57.5333,89.24,48,97,5.7,OM,overcast clouds
511,Husavik,66.0449,-17.3389,49.19,78,29,4.74,IS,scattered clouds
512,Magdagachi,53.45,125.8,64.35,79,100,3.83,RU,overcast clouds
513,Las Cruces,32.3123,-106.7783,99.37,26,0,10.36,US,clear sky
514,Szczecinek,53.7079,16.6994,53.96,80,58,4.45,PL,broken clouds
515,Barabai,-2.5833,115.3833,73.24,93,100,1.12,ID,overcast clouds
516,Yulara,-25.2406,130.9889,42.6,47,0,8.14,AU,clear sky
517,Paracatu,-17.2222,-46.8747,80.02,30,50,7.16,BR,scattered clouds
518,Mae Hong Son,19.3003,97.9685,73.99,99,90,1.12,TH,overcast clouds
519,Bilibino,68.0546,166.4372,50.56,57,6,2.98,RU,clear sky
520,Paso De Los Toros,-32.8167,-56.5167,59.95,95,100,10.69,UY,overcast clouds
521,Bambanglipuro,-7.95,110.2833,75.51,91,55,6.29,ID,broken clouds
522,Keita,14.7551,5.7749,93.54,36,53,11.16,NE,broken clouds
523,Umm Lajj,25.0213,37.2685,86.67,59,75,7.61,SA,broken clouds
524,Palana,59.1167,159.9667,52.77,87,47,1.59,RU,scattered clouds
525,Limenaria,40.6261,24.5786,80.94,59,0,12.82,GR,clear sky
526,La Motte-Servolex,45.5942,5.8758,83.8,55,0,3.44,FR,clear sky
527,Taitung,22.7583,121.1444,81.54,82,100,4.38,TW,overcast clouds
528,Khorramabad,33.4878,48.3558,81.54,13,0,6.76,IR,clear sky
529,Pacific Grove,36.6177,-121.9166,81.21,83,40,11.5,US,scattered clouds
530,Marienburg,54.0359,19.0266,63.12,67,100,6.55,PL,overcast clouds
531,Rotava,50.2963,12.5734,63.34,78,67,8.68,CZ,broken clouds
532,Hermon,44.8101,-68.9134,78.48,80,75,5.75,US,broken clouds
533,Buritizeiro,-17.3511,-44.9622,82.47,22,49,4.14,BR,scattered clouds
534,Llata,-9.4167,-76.7833,64.31,60,33,8.19,PE,scattered clouds
535,Serebryansk,49.6925,83.2892,51.22,59,83,0.63,KZ,broken clouds
536,Rancharia,-22.2292,-50.8931,82.04,29,48,8.97,BR,scattered clouds
537,Saravan,39.7196,45.6483,61.97,64,0,9.71,AM,clear sky
538,Magadan,59.5667,150.8,65.08,78,100,6.49,RU,overcast clouds
539,San Carlos De Bariloche,-41.1456,-71.3082,36.25,69,75,11.5,AR,broken clouds
540,Ekibastuz,51.6667,75.3667,74.75,41,16,7.34,KZ,few clouds
541,Palmer,42.1584,-72.3287,85.06,51,40,9.22,US,scattered clouds
542,Igunga,-4.2833,33.8833,74.98,43,100,12.62,TZ,overcast clouds
543,Iracoubo,5.4802,-53.2011,79.11,88,70,8.21,GF,broken clouds
544,Solnechnyy,50.7214,136.6319,64.22,98,76,4.12,RU,broken clouds
545,Kapit,2.0167,112.9333,73.71,92,100,0.69,MY,overcast clouds
546,Grafton,42.207,-71.6856,86.25,53,0,8.05,US,clear sky
547,Mehrabpur,28.1085,68.0254,85.93,64,100,6.04,PK,overcast clouds
548,Oksfjord,70.2396,22.3479,57.27,99,100,6.98,NO,light rain
549,Ust-Ilimsk,58.0006,102.6619,51.66,93,77,2.17,RU,broken clouds
550,Port Augusta,-32.5,137.7667,42.21,76,0,5.19,AU,clear sky
551,Betare Oya,5.6,14.0833,67.48,96,56,1.79,CM,light rain
552,Tabuny,52.7773,78.7896,64.47,66,95,5.99,RU,overcast clouds
553,Sydney,-33.8679,151.2073,46.71,80,0,8.05,AU,clear sky
554,Grand Forks,47.9417,-97.4337,73.13,83,75,6.91,US,broken clouds
555,Minab,27.1467,57.0801,98.13,39,52,0.89,IR,broken clouds
556,Gouyave,12.1646,-61.7296,84.97,70,40,11.5,GD,scattered clouds
557,Odweyne,9.4092,45.064,77.58,48,92,19.53,SO,overcast clouds
558,Tyup,42.7276,78.3648,54.07,46,40,5.17,KG,scattered clouds
559,Aswan,24.0934,32.907,87.87,19,13,13.42,EG,few clouds
560,Vostok,46.4856,135.8833,59.4,91,100,5.55,RU,overcast clouds
561,Rayevskiy,54.0658,54.9468,73.18,61,100,8.93,RU,overcast clouds
562,Nouadhibou,20.931,-17.0347,67.86,90,37,22.26,MR,scattered clouds
563,Sindor,62.8629,51.8905,63.23,95,100,3.02,RU,overcast clouds
564,Eydhafushi,5.1033,73.0708,82.67,77,12,16.4,MV,few clouds
565,Caravelas,-17.7125,-39.2481,73.29,78,6,6.26,BR,clear sky
566,Antibes,43.5624,7.1278,80.98,67,0,8.05,FR,clear sky
567,Basco,20.4487,121.9702,85.14,75,100,17.05,PH,overcast clouds
568,Ritchie,-29.038,24.6028,53.01,29,0,7.58,ZA,clear sky
569,Gorontalo,0.5412,123.0595,75.24,96,100,2.8,ID,heavy intensity rain
570,Rypefjord,70.6333,23.6667,52.27,100,75,2.3,NO,fog
571,Muhos,64.808,25.9931,62.38,95,74,5.3,FI,broken clouds
572,Belyy Yar,53.6039,91.3903,51.85,78,0,0.0,RU,clear sky
573,Arrifes,37.7667,-25.7,68.25,88,75,11.5,PT,broken clouds
574,Vanavara,60.34,102.2797,48.07,94,54,1.66,RU,broken clouds
575,Zaozerne,45.1582,33.2787,71.4,66,0,6.67,UA,clear sky
576,Kharitonovo,61.4009,47.4978,62.42,93,98,4.21,RU,overcast clouds
577,San Policarpo,12.1791,125.5072,79.0,88,99,3.69,PH,overcast clouds
578,Aubenas,44.6201,4.3899,76.89,48,8,2.59,FR,clear sky
579,Presidente Olegario,-18.4178,-46.4181,76.01,31,25,6.71,BR,scattered clouds
580,Baturinskaya,45.7927,39.3707,65.46,68,0,7.0,RU,clear sky
581,Sayan,-11.1361,-77.1933,75.74,37,14,7.63,PE,few clouds
582,Camacupa,-12.0167,17.4833,58.66,37,1,2.48,AO,clear sky
583,Ishim,56.1128,69.4902,64.78,93,18,6.76,RU,few clouds
584,Papenburg,53.0667,7.4,61.03,85,3,1.01,DE,clear sky
585,Kitimat,54.0524,-128.6534,61.18,96,100,2.17,CA,light rain
586,Coos Bay,43.3665,-124.2179,75.31,77,0,16.11,US,clear sky
587,Eyl,7.9803,49.8164,79.77,74,92,26.26,SO,overcast clouds
588,Nadym,65.5333,72.5167,59.07,59,75,8.21,RU,broken clouds
589,Samarai,-10.6167,150.6667,76.14,72,100,19.82,PG,overcast clouds
590,Yuzhnyy,53.2542,83.6936,62.98,42,0,4.47,RU,clear sky
591,Sola,-13.8833,167.55,79.65,71,34,2.15,VU,scattered clouds
592,Bulgan,48.8125,103.5347,54.0,91,99,2.98,MN,overcast clouds
593,Sorland,67.667,12.6934,51.66,87,100,16.33,NO,light rain
594,Livingston,55.9029,-3.5226,60.21,64,20,10.36,GB,few clouds
595,Nishihara,26.1842,127.7558,82.06,94,0,9.22,JP,clear sky
596,Durban,-29.8579,31.0292,64.02,74,15,1.99,ZA,few clouds
597,Havre-Saint-Pierre,50.2334,-63.5986,61.81,69,100,13.0,CA,overcast clouds
598,De Haan,51.272,3.0429,65.23,71,0,9.22,BE,clear sky
599,Araouane,18.9048,-3.5265,102.29,18,65,9.62,ML,broken clouds
600,Ninghai,29.2892,121.4247,79.61,85,100,2.86,CN,overcast clouds
601,Roebourne,-20.7833,117.1333,62.49,53,55,9.04,AU,broken clouds
602,Qaqortoq,60.7167,-46.0333,51.3,67,100,4.14,GL,overcast clouds
603,Astoria,46.1879,-123.8313,71.47,67,0,12.66,US,clear sky
604,Doha,25.2867,51.5333,93.18,70,19,4.61,QA,few clouds
605,Brooks,50.5834,-111.8851,80.04,45,26,10.4,CA,scattered clouds
606,Kaniama,-7.5667,24.1833,74.95,39,27,4.12,CD,scattered clouds
607,Edd,13.9297,41.6925,91.17,62,99,1.03,ER,overcast clouds
608,Tiznit,29.5833,-9.5,81.03,48,29,3.09,MA,scattered clouds
609,Asyut,27.181,31.1837,86.4,21,1,17.81,EG,clear sky
610,Vuktyl,63.8567,57.3094,66.52,92,100,1.39,RU,overcast clouds
611,Petropavlovsk-Kamchatskiy,53.0452,158.6483,55.99,100,100,2.24,RU,fog
612,Fallon,39.4735,-118.7774,97.92,10,40,5.75,US,scattered clouds
613,Pimentel,-6.8367,-79.9342,68.29,64,20,18.41,PE,few clouds
614,Nuuk,64.1835,-51.7216,61.41,39,20,5.75,GL,few clouds
615,Mwinilunga,-11.7358,24.4293,63.48,44,70,2.55,ZM,broken clouds
616,San Lorenzo,-25.3333,-57.5333,85.14,48,75,11.5,PY,broken clouds
617,Bafra,41.5678,35.9069,71.82,75,45,2.3,TR,scattered clouds
618,Hambantota,6.1241,81.1185,79.18,78,64,17.05,LK,broken clouds
619,Naryan-Mar,67.6713,53.087,71.4,68,89,6.76,RU,overcast clouds
620,Roald,62.5833,6.1333,55.17,82,40,9.22,NO,scattered clouds
621,Borgarnes,64.5383,-21.9206,53.82,66,60,4.09,IS,broken clouds
622,Rumoi,43.9344,141.6428,63.0,89,100,7.94,JP,overcast clouds
623,Ust-Kulom,61.6864,53.6902,63.18,99,98,3.69,RU,light rain
624,Marsa Matruh,31.3525,27.2453,76.01,58,0,15.7,EG,clear sky
625,Mujiayingzi,42.1167,118.7833,66.83,48,0,7.05,CN,clear sky
626,Vaitape,-16.5167,-151.75,77.27,67,100,25.79,PF,overcast clouds
627,Binabalian,16.4202,119.9279,82.54,80,100,9.24,PH,overcast clouds
628,Ardakan,32.31,54.0175,84.13,15,0,6.73,IR,clear sky
629,Yubari,43.0378,141.9578,63.93,91,98,4.25,JP,overcast clouds
630,Moa,20.6569,-74.9403,86.07,63,13,13.35,CU,few clouds
631,Ciudad Del Maiz,22.4,-99.6,81.88,41,73,14.05,MX,broken clouds
632,Boksitogorsk,59.474,33.8485,59.61,97,95,5.5,RU,light rain
633,Kalabo,-14.97,22.6814,60.55,42,0,5.61,ZM,clear sky
634,Brza Palanka,44.4709,22.444,71.49,43,2,4.99,RS,clear sky
635,Punta,8.9897,125.34,76.64,90,100,3.71,PH,overcast clouds
636,Klyuchi,52.2667,79.1667,61.41,62,67,7.87,RU,broken clouds
637,Merta,26.65,74.0333,85.69,69,73,3.85,IN,broken clouds
638,Callaguip,18.0714,120.4867,80.82,80,100,5.97,PH,overcast clouds
639,Kisanga,-7.4362,37.7034,73.11,64,98,1.88,TZ,overcast clouds
640,Ramhormoz,31.28,49.6035,100.69,9,0,6.26,IR,clear sky
641,Caranavi,-15.8167,-67.55,72.99,67,100,3.2,BO,overcast clouds
642,Lubao,14.9167,120.55,80.31,88,87,1.43,PH,overcast clouds
643,Forio,40.7342,13.8646,80.53,67,0,10.0,IT,clear sky
644,Mukhen,48.1,136.1,66.45,86,100,2.46,RU,overcast clouds
645,Sao Filipe,14.8961,-24.4956,75.78,75,8,13.15,CV,clear sky
646,Biarritz,43.4801,-1.5556,78.21,83,0,4.61,FR,clear sky
647,Najran,17.4924,44.1277,87.4,18,93,5.06,SA,overcast clouds
648,Kupang,-10.1667,123.5833,72.39,77,12,11.27,ID,few clouds
649,San Jeronimo,-11.9472,-75.2829,65.71,32,22,0.96,PE,few clouds
650,Banepa,27.6298,85.5214,68.32,94,40,3.44,NP,scattered clouds
651,Tamandare,-8.7597,-35.1047,76.33,79,5,10.07,BR,clear sky
652,Binzhou,37.3667,118.0167,76.95,81,25,1.63,CN,scattered clouds
653,Biak,-0.9131,122.8766,73.33,93,100,5.03,ID,overcast clouds
654,Maceio,-9.6658,-35.7353,78.24,69,40,10.36,BR,scattered clouds
655,Launceston,-41.45,147.1667,46.04,97,100,8.05,AU,overcast clouds
656,Zhezkazgan,47.8043,67.7144,79.7,24,0,5.01,KZ,clear sky
657,San Jose,37.3394,-121.895,90.25,48,0,6.91,US,clear sky
658,Cagliari,39.245,9.0912,80.92,60,0,3.44,IT,clear sky
659,Cerignola,41.264,15.9005,74.88,39,3,2.51,IT,clear sky
660,Athol,42.5959,-72.2268,83.3,57,40,11.5,US,scattered clouds
661,Bras-Panon,-20.9967,55.6782,67.89,79,80,8.21,RE,light rain
662,Krasnyy Chikoy,50.3643,108.7512,56.39,97,90,3.18,RU,moderate rain
663,Camabatela,-8.1881,15.375,64.26,34,2,1.9,AO,clear sky
664,Mahajanga,-15.7167,46.3167,70.99,67,9,4.29,MG,clear sky
665,Weligama,5.9667,80.4167,76.1,91,56,9.26,LK,broken clouds
666,Daru,-9.0763,143.2092,75.04,80,100,16.82,PG,overcast clouds
667,Fukue,32.6881,128.8419,80.17,92,99,4.27,JP,overcast clouds
668,Broken Hill,-31.95,141.4333,40.05,79,0,5.17,AU,clear sky
669,Atsipopoulon,35.35,24.4333,75.25,59,0,11.03,GR,clear sky
670,Paita,-5.0892,-81.1144,69.42,68,10,19.33,PE,clear sky
671,Irbeyskoye,55.6428,95.4522,51.04,79,96,2.8,RU,overcast clouds
672,Wajima,37.4,136.9,75.58,88,99,16.06,JP,overcast clouds
673,Pokaran,26.9167,71.9167,86.11,60,100,7.07,IN,light rain
674,Carballo,43.213,-8.691,80.29,63,100,2.77,ES,light rain
675,Ponta Delgada,37.7333,-25.6667,70.52,88,75,11.5,PT,broken clouds
676,Lasa,46.6166,10.7002,66.79,74,21,2.73,IT,few clouds
677,Finschhafen,-6.6024,147.8681,77.52,85,100,5.66,PG,moderate rain
678,Whitefish,48.4111,-114.3376,86.11,33,0,9.22,US,clear sky
679,Kahului,20.8947,-156.47,82.42,72,20,23.02,US,few clouds
680,Sidney,-33.8679,151.2073,46.71,80,0,8.05,AU,clear sky
681,Ihtiman,42.4333,23.8167,66.81,63,4,3.87,BG,clear sky
682,Mindelo,16.8901,-24.9804,75.36,75,20,18.61,CV,few clouds
683,Khovu-Aksy,51.1333,93.6,44.11,93,99,1.21,RU,overcast clouds
684,Bereznik,62.8551,42.7072,59.59,91,92,1.77,RU,overcast clouds
